model,EM,F1,Recall@k
gemma:2b-instruct,0.0,0.14267880028173754,0.995
llama3.2:1b,0.0,0.04894714384116515,0.995
qwen3:1.7b,0.0,0.029513199875034292,0.995
scb10x/typhoon-ocr-7b:latest,0.0,0.0,0.995
