model,EM,F1,Recall@k
gemma:2b-instruct,0.0,0.1490430362477433,0.995
llama3.2:1b,0.015,0.10727847849307384,0.995
qwen3:1.7b,0.0,0.02817502089752812,0.995
scb10x/typhoon-ocr-7b:latest,0.0,0.0,0.995
