model,EM,F1,Recall@k
gemma:2b-instruct,0.0,0.13503757525976648,0.995
llama3.2:1b,0.0,0.04863943379605885,0.995
qwen3:1.7b,0.0,0.031580341115341096,0.995
